Prominence Rank,Prominence (m),Height (m),Dominance (%),Peak Name,Country,Location,Google Map Link,Open Street Map Link,Lat/Lon,Map 1:50 000,Map 1:25 000,Grid Ref,Section,Peak Number,Section Order,Family Size,Prominence Group,Height Group,Traditional List,Notes,Wikipedia,"Adapted from 2010 Jim Bloomer, Roddy Urquhart and UK Metric Association"
4,992,992,1,Sgurr Alasdair,S,The Cuillin,"https://www.google.com/maps/search/?api=1&query=57.20634805374162,-6.223334596781228",https://www.openstreetmap.org/search?query=57.20634805374162%2C-6.223334596781228,"57.20634805374162,-6.223334596781228",32,411,NG 45050 20750,17B,530.1010101,198.1010101,10,P500,H750,Munro,highest peak on Skye. Scrambling skills required,http://en.wikipedia.org/wiki/Sgurr_Alasdair,
5,986,1174,0.84,Ben More,S,Balquhidder,"https://www.google.com/maps/search/?api=1&query=56.3858863583064,-4.5400594370697265",https://www.openstreetmap.org/search?query=56.3858863583064%2C-4.5400594370697265,"56.3858863583064,-4.5400594370697265",51,365N,NN 43278 24408,01C,284.1010101,103.1010101,5,P500,H1000,Munro,,http://en.wikipedia.org/wiki/Ben_More_%28Crianlarich%29,
6,966,966,1,Ben More,S,Mull,"https://www.google.com/maps/search/?api=1&query=56.42476843403337,-6.013955858109202",https://www.openstreetmap.org/search?query=56.42476843403337%2C-6.013955858109202,"56.42476843403337,-6.013955858109202","47,48",375W,NM 52581 33069,17E,560.1010101,204.1010101,11,P500,H750,Munro,highest peak on Mull,http://en.wikipedia.org/wiki/Ben_More_%28Mull%29,
7,957,1055,0.91,Spidean a'Choire Leith,S,Liathach,"https://www.google.com/maps/search/?api=1&query=57.56408893252445,-5.463499058713658",https://www.openstreetmap.org/search?query=57.56408893252445%2C-5.463499058713658,"57.56408893252445,-5.463499058713658",25,433,NG 92940 57955,13A,135.1010101,169.1010101,2,P500,H1000,Munro,,http://en.wikipedia.org/wiki/Liathach,
8,950,1309,0.73,Ben Macdui,S,Cairngorms,"https://www.google.com/maps/search/?api=1&query=57.07029839557056,-3.669095936572841",https://www.openstreetmap.org/search?query=57.07029839557056%2C-3.669095936572841,"57.07029839557056,-3.669095936572841","36,43",403S,NN 98899 98934,08A,211.0210101,141.0210101,92,P500,H1000,Munro,P500 with most descendants,http://en.wikipedia.org/wiki/Ben_Macdui,
9,915,1110,0.82,Sgurr Mor,S,The Fannaichs,"https://www.google.com/maps/search/?api=1&query=57.69999432203742,-5.016714343343051",https://www.openstreetmap.org/search?query=57.69999432203742%2C-5.016714343343051,"57.69999432203742,-5.016714343343051",20,436S,NH 20325 71800,14B,122.1010101,180.1010101,16,P500,H1000,Munro,,http://en.wikipedia.org/wiki/Sgurr_M%C3%B2r_%28Fannichs%29,
9,915,1214,0.75,Ben Lawers,S,Ben Lawers & The Tarmachans,"https://www.google.com/maps/search/?api=1&query=56.54485248053267,-4.220857283960035",https://www.openstreetmap.org/search?query=56.54485248053267%2C-4.220857283960035,"56.54485248053267,-4.220857283960035",51,378E,NN 63553 41415,02B,256.1010101,117.1010101,12,P500,H1000,Munro,,http://en.wikipedia.org/wiki/Ben_Lawers,
11,912,978,0.93,Scafell Pike,E,Lakes: S Fells,"https://www.google.com/maps/search/?api=1&query=54.45419665291772,-3.211439787508223",https://www.openstreetmap.org/search?query=54.45419665291772%2C-3.211439787508223,"54.45419665291772,-3.211439787508223","89,90",6N,NY 21555 07210,34B,336.0510101,251.0510101,37,P500,H750,Hewitt,highest peak in England and Cumbria county top,http://en.wikipedia.org/wiki/Scafell_Pike,
12,879,1126,0.78,Ben Cruachan,S,Glen Etive to Glen Lochy,"https://www.google.com/maps/search/?api=1&query=56.4268348097312,-5.131798980661035",https://www.openstreetmap.org/search?query=56.4268348097312%2C-5.131798980661035,"56.4268348097312,-5.131798980661035",50,377W,NN 06965 30470,03C,246.1010101,127.1010101,14,P500,H1000,Munro,,http://en.wikipedia.org/wiki/Ben_Cruachan,
13,875,1130,0.77,Ben Lui,S,Tyndrum Hills,"https://www.google.com/maps/search/?api=1&query=56.39750690180049,-4.810322990438449",https://www.openstreetmap.org/search?query=56.39750690180049%2C-4.810322990438449,"56.39750690180049,-4.810322990438449",50,"364N,377E",NN 26650 26350,01D,262.1010101,108.1010101,15,P500,H1000,Munro,,http://en.wikipedia.org/wiki/Ben_Lui,
14,874,874,1,Goat Fell,S,Arran,"https://www.google.com/maps/search/?api=1&query=55.62578938211955,-5.191803963760268",https://www.openstreetmap.org/search?query=55.62578938211955%2C-5.191803963760268,"55.62578938211955,-5.191803963760268","62,69",361N,NR 99145 41535,20C,580.1010101,223.1010101,12,P500,H750,Corbett,highest peak on Arran,http://en.wikipedia.org/wiki/Goat_Fell,
15,873,888,0.98,Sgurr Dhomhnuill,S,Ardgour,"https://www.google.com/maps/search/?api=1&query=56.75460847695104,-5.453693870790802",https://www.openstreetmap.org/search?query=56.75460847695104%2C-5.453693870790802,"56.75460847695104,-5.453693870790802",40,391,NM 88960 67880,18B,187.1010101,212.1010101,6,P500,H750,Corbett,,http://en.wikipedia.org/wiki/Sgurr_Dhomhnuill,
16,867,1128,0.77,Creag Meagaidh,S,Glen Roy to Creag Meaghaidh,"https://www.google.com/maps/search/?api=1&query=56.952082964944246,-4.601952957781382",https://www.openstreetmap.org/search?query=56.952082964944246%2C-4.601952957781382,"56.952082964944246,-4.601952957781382","34,42",401,NN 41850 87550,09C,203.1010101,143.1010101,10,P500,H1000,Munro,,http://en.wikipedia.org/wiki/Creag_Meagaidh,
17,861,928,0.93,Bla Bheinn,S,Skye - Strathaird,"https://www.google.com/maps/search/?api=1&query=57.21952652563704,-6.093057917175236",https://www.openstreetmap.org/search?query=57.21952652563704%2C-6.093057917175236,"57.21952652563704,-6.093057917175236",32,411,NG 53000 21735,17B,535.1010101,199.1010101,9,P500,H750,Munro,,http://en.wikipedia.org/wiki/Blaven,
18,851,896,0.95,Beinn Bhan,S,Applecross,"https://www.google.com/maps/search/?api=1&query=57.44229432122054,-5.661626354809222",https://www.openstreetmap.org/search?query=57.44229432122054%2C-5.661626354809222,"57.44229432122054,-5.661626354809222",24,"428N,428S",NG 80365 45030,13B,141.1010101,174.1010101,7,P500,H750,Corbett,,http://en.wikipedia.org/wiki/Beinn_Bh%C3%A0n_%28Applecross%29,
19,845,1150,0.73,Bidean nam Bian,S,Glencoe - South Side,"https://www.google.com/maps/search/?api=1&query=56.643137496426434,-5.0292360370249565",https://www.openstreetmap.org/search?query=56.643137496426434%2C-5.0292360370249565,"56.643137496426434,-5.0292360370249565",41,384,NN 14350 54250,03B,232.1010101,122.1010101,11,P500,H1000,Munro,,http://en.wikipedia.org/wiki/Bidean_nam_Bian,
20,842,987,0.85,Gaor Bheinn,S,Locheil,"https://www.google.com/maps/search/?api=1&query=56.93609622152295,-5.28448290537145",https://www.openstreetmap.org/search?query=56.93609622152295%2C-5.28448290537145,"56.93609622152295,-5.28448290537145",41,399,NN 00270 87560,10D,176.1010101,155.1010101,9,P500,H750,Munro,,http://en.wikipedia.org/wiki/Gaor_Bheinn,
21,839,1040,0.81,Sgurr na Ciche,S,Glen Dessary,"https://www.google.com/maps/search/?api=1&query=57.01336851196524,-5.456891706611457",https://www.openstreetmap.org/search?query=57.01336851196524%2C-5.456891706611457,"57.01336851196524,-5.456891706611457","33,40","398E,413S",NM 90221 96673,10B,171.1010101,149.1010101,9,P500,H1000,Munro,,http://en.wikipedia.org/wiki/Sgurr_na_C%C3%ACche,
21,839,1150,0.73,Sgurr na Lapaich,S,Glen Cannich,"https://www.google.com/maps/search/?api=1&query=57.36919939801478,-5.059939883529304",https://www.openstreetmap.org/search?query=57.36919939801478%2C-5.059939883529304,"57.36919939801478,-5.059939883529304",25,430,NH 16090 35111,12B,149.0510101,167.0510101,15,P500,H1000,Munro,,http://en.wikipedia.org/wiki/Sgurr_na_Lapaich,
23,835,998,0.84,Ben More Assynt,S,Assynt,"https://www.google.com/maps/search/?api=1&query=58.13805123196752,-4.858200930598896",https://www.openstreetmap.org/search?query=58.13805123196752%2C-4.858200930598896,"58.13805123196752,-4.858200930598896",15,442E,NC 31830 20135,16E,111.1010101,191.1010101,18,P500,H750,Munro,,http://en.wikipedia.org/wiki/Ben_More_Assynt,
24,831,985,0.84,Ben Vorlich,S,Strathyre to Strathallan,"https://www.google.com/maps/search/?api=1&query=56.34258742369511,-4.219490470720248",https://www.openstreetmap.org/search?query=56.34258742369511%2C-4.219490470720248,"56.34258742369511,-4.219490470720248",57,"365N,368W",NN 62910 18905,01B,288.1010101,102.1010101,11,P500,H750,Munro,,http://en.wikipedia.org/wiki/Ben_Vorlich_%28Loch_Earn%29,
26,820,974,0.84,Ben Lomond,S,Loch Lomond to Strathyre,"https://www.google.com/maps/search/?api=1&query=56.190265638226855,-4.633029193003928",https://www.openstreetmap.org/search?query=56.190265638226855%2C-4.633029193003928,"56.190265638226855,-4.633029193003928",56,364S,NN 36707 02859,01C,296.1010101,105.1010101,8,P500,H750,Munro,,http://en.wikipedia.org/wiki/Ben_Lomond,
27,818,962,0.85,Ben Klibreck,S,East Sutherland,"https://www.google.com/maps/search/?api=1&query=58.2350747981241,-4.411199451087624",https://www.openstreetmap.org/search?query=58.2350747981241%2C-4.411199451087624,"58.2350747981241,-4.411199451087624",16,443,NC 58525 29905,16D,106.1010101,189.1010101,10,P500,H750,Munro,,http://en.wikipedia.org/wiki/Ben_Klibreck,
27,818,1083,0.76,Sgurr a'Choire Ghlais,S,Strathfarrar,"https://www.google.com/maps/search/?api=1&query=57.44386822763083,-4.90290121305197",https://www.openstreetmap.org/search?query=57.44386822763083%2C-4.90290121305197,"57.44386822763083,-4.90290121305197",25,430,NH 25885 43005,12A,147.1010101,166.1010101,15,P500,H1000,Munro,,http://en.wikipedia.org/wiki/Sgurr_a%27_Choire_Ghlais,
29,812,812,1,Askival,S,Rum,"https://www.google.com/maps/search/?api=1&query=56.97434243190848,-6.2914393886638935",https://www.openstreetmap.org/search?query=56.97434243190848%2C-6.2914393886638935,"56.97434243190848,-6.2914393886638935",39,397,NM 39315 95210,17D,550.1010101,202.1010101,7,P500,H750,Corbett,highest peak on Rum,http://en.wikipedia.org/wiki/Askival,
30,810,1084,0.75,Beinn Dearg,S,Inverlael,"https://www.google.com/maps/search/?api=1&query=57.786254162546754,-4.929512968619597",https://www.openstreetmap.org/search?query=57.786254162546754%2C-4.929512968619597,"57.786254162546754,-4.929512968619597",20,436N,NH 25935 81170,15A,116.0510101,181.0510101,26,P500,H1000,Munro,,http://en.wikipedia.org/wiki/Beinn_Dearg_%28Ullapool%29,
31,799,799,1,An Cliseam,S,North Harris,"https://www.google.com/maps/search/?api=1&query=57.96361455368844,-6.812429922358427",https://www.openstreetmap.org/search?query=57.96361455368844%2C-6.812429922358427,"57.96361455368844,-6.812429922358427","13,14",456,NB 15490 07290,24B,505.1010101,228.1010101,8,P500,H750,Corbett,highest peak on Harris,http://en.wikipedia.org/wiki/Clisham,
32,795,1020,0.78,Ladhar Bheinn,S,Knoydart,"https://www.google.com/maps/search/?api=1&query=57.07517273004176,-5.591663490658843",https://www.openstreetmap.org/search?query=57.07517273004176%2C-5.591663490658843,"57.07517273004176,-5.591663490658843",33,413S,NG 82405 03970,10B,169.1010101,148.1010101,13,P500,H1000,Munro,,http://en.wikipedia.org/wiki/Ladhar_Bheinn,
32,795,1108,0.72,Meall a'Bhuiridh,S,Black Mount,"https://www.google.com/maps/search/?api=1&query=56.61227145870202,-4.852103261366806",https://www.openstreetmap.org/search?query=56.61227145870202%2C-4.852103261366806,"56.61227145870202,-4.852103261366806",41,384,NN 25065 50350,03C,242.1010101,129.1010101,12,P500,H1000,Munro,,http://en.wikipedia.org/wiki/Meall_a%27_Bhuiridh,
34,786,1120,0.7,A'Chralaig,S,North Strath Cluanie,"https://www.google.com/maps/search/?api=1&query=57.18474596254906,-5.154573838597463",https://www.openstreetmap.org/search?query=57.18474596254906%2C-5.154573838597463,"57.18474596254906,-5.154573838597463",33,"414N,414S",NH 09450 14850,11B,156.1010101,162.1010101,15,P500,H1000,Munro,,http://en.wikipedia.org/wiki/A%27_Chr%C3%A0laig,
35,785,785,1,Beinn an Oir,S,Jura,"https://www.google.com/maps/search/?api=1&query=55.90234617715203,-6.004074680632987",https://www.openstreetmap.org/search?query=55.90234617715203%2C-6.004074680632987,"55.90234617715203,-6.004074680632987","60,61",355S,NR 49812 74940,20A,575.1010101,222.1010101,8,P500,H750,Corbett,highest peak on Jura,http://en.wikipedia.org/wiki/Beinn_an_%C3%92ir,
36,783,1148,0.68,Ben Alder,S,Ben Alder Group,"https://www.google.com/maps/search/?api=1&query=56.81371966377549,-4.465115498423141",https://www.openstreetmap.org/search?query=56.81371966377549%2C-4.465115498423141,"56.81371966377549,-4.465115498423141",42,"385E,393",NN 49615 71845,04B,205.1010101,135.1010101,20,P500,H1000,Munro,,http://en.wikipedia.org/wiki/Ben_Alder,
37,774,882,0.88,Rois-Bheinn,S,Moidart,"https://www.google.com/maps/search/?api=1&query=56.83753026326381,-5.6803885852807605",https://www.openstreetmap.org/search?query=56.83753026326381%2C-5.6803885852807605,"56.83753026326381,-5.6803885852807605",40,390E,NM 75605 77825,18A,181.1010101,208.1010101,8,P500,H750,Corbett,alternative Prominence 524m - interchangeable with Beinn Odhar Bheag,NA,
38,772,927,0.83,Ben Hope,S,Ben Hope,"https://www.google.com/maps/search/?api=1&query=58.41303125437908,-4.6078460225843045",https://www.openstreetmap.org/search?query=58.41303125437908%2C-4.6078460225843045,"58.41303125437908,-4.6078460225843045",9,"447N,447S",NC 47750 50140,16B,104.1010101,186.1010101,2,P500,H750,Munro,,http://en.wikipedia.org/wiki/Ben_Hope,
39,765,1035,0.74,Gleouraich,S,Loch Quoich,"https://www.google.com/maps/search/?api=1&query=57.09708928509689,-5.238029823782337",https://www.openstreetmap.org/search?query=57.09708928509689%2C-5.238029823782337,"57.09708928509689,-5.238029823782337",33,414S,NH 03945 05335,10A,163.1010101,146.1010101,3,P500,H1000,Munro,,http://en.wikipedia.org/wiki/Gleouraich,
40,759,1130,0.67,Binnein Mor,S,Mamores,"https://www.google.com/maps/search/?api=1&query=56.754384090353206,-4.925294230887173",https://www.openstreetmap.org/search?query=56.754384090353206%2C-4.925294230887173,"56.754384090353206,-4.925294230887173",41,392,NN 21250 66350,04A,225.1010101,131.1010101,14,P500,H1000,Munro,,http://en.wikipedia.org/wiki/Binnein_M%C3%B2r,
41,756,1062,0.71,Bidein a'Ghlas Thuill,S,An Teallach,"https://www.google.com/maps/search/?api=1&query=57.80706464558527,-5.251703758578582",https://www.openstreetmap.org/search?query=57.80706464558527%2C-5.251703758578582,"57.80706464558527,-5.251703758578582",19,435N,NH 06900 84360,14A,124.1010101,175.1010101,13,P500,H1000,Munro,,http://en.wikipedia.org/wiki/An_Teallach,
42,755,853,0.89,Creach Bheinn,S,Kingairloch,"https://www.google.com/maps/search/?api=1&query=56.6619241617326,-5.476138931410542",https://www.openstreetmap.org/search?query=56.6619241617326%2C-5.476138931410542,"56.6619241617326,-5.476138931410542",49,"376,383E",NM 87065 57640,18C,193.1010101,214.1010101,6,P500,H750,Corbett,,NA,
43,750,1064,0.7,Carnedd Llewelyn,W,Carneddau,"https://www.google.com/maps/search/?api=1&query=53.16017971142993,-3.970270237508049",https://www.openstreetmap.org/search?query=53.16017971142993%2C-3.970270237508049,"53.16017971142993,-3.970270237508049",115,"17E,17W",SH 68365 64375,30B,364.1010101,240.1010101,6,P500,H1000,Hewitt,,http://en.wikipedia.org/wiki/Carnedd_Llewelyn,
44,729,1024,0.71,Sgorr Dhearg,S,Beinn a'Bheithir,"https://www.google.com/maps/search/?api=1&query=56.653883555696,-5.171505597011384",https://www.openstreetmap.org/search?query=56.653883555696%2C-5.171505597011384,"56.653883555696,-5.171505597011384",41,384,NN 05685 55840,03B,240.1010101,123.1010101,2,P500,H1000,Munro,,http://en.wikipedia.org/wiki/Beinn_a%27_Bheithir,
45,727,962,0.76,Sgorr Ruadh,S,Coulin,"https://www.google.com/maps/search/?api=1&query=57.49859406651219,-5.407695178152555",https://www.openstreetmap.org/search?query=57.49859406651219%2C-5.407695178152555,"57.49859406651219,-5.407695178152555",25,429,NG 95910 50500,13B,133.1010101,171.1010101,9,P500,H750,Munro,,http://en.wikipedia.org/wiki/Sgorr_Ruadh,
46,716,1083,0.66,Schiehallion,S,Loch Rannoch to Glen Lyon,"https://www.google.com/maps/search/?api=1&query=56.666782430598595,-4.100127549376002",https://www.openstreetmap.org/search?query=56.666782430598595%2C-4.100127549376002,"56.666782430598595,-4.100127549376002","42,51,52",386W,NN 71390 54750,02A,248.0510101,115.0510101,25,P500,H1000,Munro,,http://en.wikipedia.org/wiki/Schiehallion,
47,714,739,0.97,Sgurr na Coinnich,S,Skye - Sleat,"https://www.google.com/maps/search/?api=1&query=57.23604586740988,-5.70935999301223",https://www.openstreetmap.org/search?query=57.23604586740988%2C-5.70935999301223,"57.23604586740988,-5.70935999301223",33,"412,413N",NG 76250 22245,17C,545.1010101,201.1010101,4,P500,H500,Graham,,NA,
48,712,950,0.75,Helvellyn,E,Lakes: E Fells,"https://www.google.com/maps/search/?api=1&query=54.52698525694285,-3.017586536741763",https://www.openstreetmap.org/search?query=54.52698525694285%2C-3.017586536741763,"54.52698525694285,-3.017586536741763",90,5S,NY 34240 15110,34C,328.1010101,252.1010101,17,P500,H750,Hewitt,,http://en.wikipedia.org/wiki/Helvellyn,
48,712,1011,0.7,Beinn Ime,S,Arrochar Alps,"https://www.google.com/maps/search/?api=1&query=56.23677552433742,-4.817093346141716",https://www.openstreetmap.org/search?query=56.23677552433742%2C-4.817093346141716,"56.23677552433742,-4.817093346141716",56,364S,NN 25500 08485,01D,268.1010101,112.1010101,7,P500,H1000,Munro,,http://en.wikipedia.org/wiki/Beinn_%C3%8Cme,
50,709,931,0.76,Skiddaw,E,Lakes: N Fells,"https://www.google.com/maps/search/?api=1&query=54.651418511199175,-3.147708726746705",https://www.openstreetmap.org/search?query=54.651418511199175%2C-3.147708726746705,"54.651418511199175,-3.147708726746705","89,90",4S,NY 26045 29085,34A,332.1010101,249.1010101,5,P500,H750,Hewitt,,http://en.wikipedia.org/wiki/Skiddaw,
51,706,1027,0.69,Sgurr a'Mhaoraich,S,Loch Quoich,"https://www.google.com/maps/search/?api=1&query=57.10545069865082,-5.330521972219404",https://www.openstreetmap.org/search?query=57.10545069865082%2C-5.330521972219404,"57.10545069865082,-5.330521972219404",33,414S,NG 98390 06535,10A,162.1010101,145.1010101,20,P500,H1000,Munro,,http://en.wikipedia.org/wiki/Sgurr_a%27_Mhaoraich,
52,705,843,0.84,Merrick,S,Galloway Hills,"https://www.google.com/maps/search/?api=1&query=55.13917931400057,-4.468280962221378",https://www.openstreetmap.org/search?query=55.13917931400057%2C-4.468280962221378,"55.13917931400057,-4.468280962221378",77,318,NX 42765 85540,27B,312.1010101,233.1010101,15,P500,H750,Corbett,highest peak in Scottish Lowlands,http://en.wikipedia.org/wiki/Merrick%2C_Galloway,
53,696,732,0.95,Beinn na Caillich,S,Skye - Strathaird,"https://www.google.com/maps/search/?api=1&query=57.23753709993652,-5.976234036185644",https://www.openstreetmap.org/search?query=57.23753709993652%2C-5.976234036185644,"57.23753709993652,-5.976234036185644",32,"411,412",NG 60165 23320,17C,540.1010101,200.1010101,4,P500,H500,Graham,,NA,
53,696,741,0.94,Beinn Mhor,S,Cowal,"https://www.google.com/maps/search/?api=1&query=56.072571011429034,-5.041585015864604",https://www.openstreetmap.org/search?query=56.072571011429034%2C-5.041585015864604,"56.072571011429034,-5.041585015864604",56,363N,NS 10785 90810,19C,276.1010101,221.1010101,12,P500,H500,Graham,,NA,
55,695,734,0.95,Doune Hill,S,Luss Hills,"https://www.google.com/maps/search/?api=1&query=56.13618913701845,-4.752341190052376",https://www.openstreetmap.org/search?query=56.13618913701845%2C-4.752341190052376,"56.13618913701845,-4.752341190052376",56,364S,NS 29065 97132,01E,280.1010101,114.1010101,7,P500,H500,Graham,,NA,
56,691,847,0.82,Canisp,S,Assynt,"https://www.google.com/maps/search/?api=1&query=58.120775443364714,-5.052817827414683",https://www.openstreetmap.org/search?query=58.120775443364714%2C-5.052817827414683,"58.120775443364714,-5.052817827414683",15,442E,NC 20290 18715,16F,114.1010101,193.1010101,4,P500,H750,Corbett,,http://en.wikipedia.org/wiki/Canisp,
56,691,1046,0.66,Glas Leathad Mor,S,Ben Wyvis,"https://www.google.com/maps/search/?api=1&query=57.678803594894305,-4.579194648436265",https://www.openstreetmap.org/search?query=57.678803594894305%2C-4.579194648436265,"57.678803594894305,-4.579194648436265",20,437S,NH 46300 68365,15B,121.0510101,182.0510101,17,P500,H1000,Munro,,http://en.wikipedia.org/wiki/Ben_Wyvis,
58,687,885,0.78,Garbh Bheinn,S,Ardgour,"https://www.google.com/maps/search/?api=1&query=56.70438530513785,-5.424898198180773",https://www.openstreetmap.org/search?query=56.70438530513785%2C-5.424898198180773,"56.70438530513785,-5.424898198180773",40,391,NM 90440 62205,18B,191.1010101,213.1010101,5,P500,H750,Corbett,,NA,
58,687,911,0.75,Foinaven,S,Reay Forest,"https://www.google.com/maps/search/?api=1&query=58.41196942914327,-4.885677517925647",https://www.openstreetmap.org/search?query=58.41196942914327%2C-4.885677517925647,"58.41196942914327,-4.885677517925647",9,445,NC 31520 50685,16B,102.1010101,184.1010101,12,P500,H750,Corbett,,http://en.wikipedia.org/wiki/Foinaven,
60,671,719,0.93,The Storr,S,Skye - Trotternish,"https://www.google.com/maps/search/?api=1&query=57.507022065591,-6.183054352319758",https://www.openstreetmap.org/search?query=57.507022065591%2C-6.183054352319758,"57.507022065591,-6.183054352319758",23,"408,409",NG 49540 54035,17A,525.1010101,197.1010101,7,P500,H500,Graham,,http://en.wikipedia.org/wiki/The_Storr,
60,671,886,0.76,Pen y Fan,W,Beacons,"https://www.google.com/maps/search/?api=1&query=51.884041735869395,-3.4367938443805666",https://www.openstreetmap.org/search?query=51.884041735869395%2C-3.4367938443805666,"51.884041735869395,-3.4367938443805666",160,12E,SO 01205 21585,32A,388.1010101,246.1010101,17,P500,H750,Hewitt,,http://en.wikipedia.org/wiki/Pen_y_Fan,
62,670,905,0.74,Aran Fawddwy,W,Arans,"https://www.google.com/maps/search/?api=1&query=52.78701706835047,-3.687840256829395",https://www.openstreetmap.org/search?query=52.78701706835047%2C-3.687840256829395,"52.78701706835047,-3.687840256829395","124,125",23E,SH 86270 22385,30E,348.1010101,243.1010101,22,P500,H750,Hewitt,,http://en.wikipedia.org/wiki/Aran_Fawddwy,
62,670,1155,0.58,Lochnagar,S,Glen Muick,"https://www.google.com/maps/search/?api=1&query=56.96019610909318,-3.2452830960590306",https://www.openstreetmap.org/search?query=56.96019610909318%2C-3.2452830960590306,"56.96019610909318,-3.2452830960590306",44,388N,NO 24370 86130,07A,215.0503101,140.0503101,62,P500,H1000,Munro,,http://en.wikipedia.org/wiki/Lochnagar,
64,665,1121,0.59,Carn nan Gabhar,S,Beinn a'Ghlo,"https://www.google.com/maps/search/?api=1&query=56.839772173134655,-3.687984437406397",https://www.openstreetmap.org/search?query=56.839772173134655%2C-3.687984437406397,"56.839772173134655,-3.687984437406397",43,394E,NN 97120 73305,06B,217.1010101,139.1010101,12,P500,H1000,Munro,,http://en.wikipedia.org/wiki/Beinn_a%27_Ghl%C3%B2,
65,663,1067,0.62,Sgurr Fhuaran,S,Kintail,"https://www.google.com/maps/search/?api=1&query=57.196101386499215,-5.34762906517885",https://www.openstreetmap.org/search?query=57.196101386499215%2C-5.34762906517885,"57.196101386499215,-5.34762906517885",33,"414N,414S",NG 97850 16670,11A,155.1010101,161.1010101,10,P500,H1000,Munro,,http://en.wikipedia.org/wiki/Sgurr_Fhuaran,
66,662,937,0.71,Beinn Sgulaird,S,Glen Creran,"https://www.google.com/maps/search/?api=1&query=56.56618054441195,-5.170261456414327",https://www.openstreetmap.org/search?query=56.56618054441195%2C-5.170261456414327,"56.56618054441195,-5.170261456414327",50,384,NN 05310 46080,03B,237.1010101,126.1010101,9,P500,H750,Munro,,http://en.wikipedia.org/wiki/Beinn_Sgulaird,
67,659,766,0.86,Dun da Ghaoithe,S,Mull,"https://www.google.com/maps/search/?api=1&query=56.460385829795186,-5.779471012160561",https://www.openstreetmap.org/search?query=56.460385829795186%2C-5.779471012160561,"56.460385829795186,-5.779471012160561",49,375E,NM 67250 36210,17E,555.1010101,203.1010101,2,P500,H750,Corbett,,NA,
68,658,933,0.71,Fionn Bheinn,S,The Fannaichs,"https://www.google.com/maps/search/?api=1&query=57.61104810214084,-5.102612311426381",https://www.openstreetmap.org/search?query=57.61104810214084%2C-5.102612311426381,"57.61104810214084,-5.102612311426381",20,435S,NH 14755 62135,14B,132.1010101,179.1010101,6,P500,H750,Munro,,http://en.wikipedia.org/wiki/Fionn_Bheinn,
69,657,743,0.88,Ben Mor Coigach,S,Coigach,"https://www.google.com/maps/search/?api=1&query=57.98641482966698,-5.22564932564975",https://www.openstreetmap.org/search?query=57.98641482966698%2C-5.22564932564975,"57.98641482966698,-5.22564932564975",15,438S,NC 09400 04240,16F,119.1010101,196.1010101,5,P500,H500,Graham,,NA,
70,653,840,0.78,Broad Law,S,Manor Hills,"https://www.google.com/maps/search/?api=1&query=55.498115783048846,-3.352678028339032",https://www.openstreetmap.org/search?query=55.498115783048846%2C-3.352678028339032,"55.498115783048846,-3.352678028339032",72,"330,336",NT 14645 23535,28B,304.0110101,235.0110101,75,P500,H750,Corbett,,http://en.wikipedia.org/wiki/Broad_Law,
71,651,849,0.77,Cul Mor,S,Coigach,"https://www.google.com/maps/search/?api=1&query=58.058022840118234,-5.116721086790524",https://www.openstreetmap.org/search?query=58.058022840118234%2C-5.116721086790524,"58.058022840118234,-5.116721086790524",15,439E,NC 16205 11905,16F,117.1010101,194.1010101,2,P500,H750,Corbett,,NA,
71,651,893,0.73,Cross Fell,E,North Pennines,"https://www.google.com/maps/search/?api=1&query=54.70305865076854,-2.4869195331475122",https://www.openstreetmap.org/search?query=54.70305865076854%2C-2.4869195331475122,"54.70305865076854,-2.4869195331475122",91,31W,NY 68720 34335,35A,324.0410101,253.0410101,48,P500,H750,Hewitt,peak with largest footprint,http://en.wikipedia.org/wiki/Cross_Fell,
73,650,1081,0.6,Beinn a'Chreachain,S,Bridge of Orchy Hills,"https://www.google.com/maps/search/?api=1&query=56.56030770039729,-4.647575990164144",https://www.openstreetmap.org/search?query=56.56030770039729%2C-4.647575990164144,"56.56030770039729,-4.647575990164144",50,"377E,378W",NN 37390 44065,02A,250.1010101,116.1010101,5,P500,H1000,Munro,,NA,
74,649,1046,0.62,Chno Dearg,S,Corrour,"https://www.google.com/maps/search/?api=1&query=56.8300106297232,-4.6607705147914675",https://www.openstreetmap.org/search?query=56.8300106297232%2C-4.6607705147914675,"56.8300106297232,-4.6607705147914675",41,393,NN 37745 74105,04B,221.1010101,134.1010101,9,P500,H1000,Munro,within footprint is Leum Uilleim with P499 - candidate for promotion ,http://en.wikipedia.org/wiki/Chno_Dearg,
75,647,1032,0.63,Beinn Fhada,S,Kintail,"https://www.google.com/maps/search/?api=1&query=57.22090027484476,-5.283428548940083",https://www.openstreetmap.org/search?query=57.22090027484476%2C-5.283428548940083,"57.22090027484476,-5.283428548940083",33,414N,NH 01860 19240,11A,153.1010101,160.1010101,7,P500,H1000,Munro,,http://en.wikipedia.org/wiki/Beinn_Fhada,
76,645,931,0.69,Ben Chonzie,S,Loch Tay to Perth,"https://www.google.com/maps/search/?api=1&query=56.45379392916514,-3.992042553300301",https://www.openstreetmap.org/search?query=56.45379392916514%2C-3.992042553300301,"56.45379392916514,-3.992042553300301","51,52","368W,379W",NN 77325 30850,01A,286.1010101,101.1010101,27,P500,H750,Munro,,http://en.wikipedia.org/wiki/Ben_Chonzie,
76,645,1000.8,0.64,Glyder Fawr,W,Glyders,"https://www.google.com/maps/search/?api=1&query=53.10151667733092,-4.029131824394388",https://www.openstreetmap.org/search?query=53.10151667733092%2C-4.029131824394388,"53.10151667733092,-4.029131824394388",115,17W,SH 64245 57960,30B,360.1010101,239.1010101,4,P500,H1000,Hewitt,,http://en.wikipedia.org/wiki/Glyder_Fawr,
78,640,901,0.71,Beinn an Lochain,S,Ardgoil,"https://www.google.com/maps/search/?api=1&query=56.230621007659316,-4.8755421834343835",https://www.openstreetmap.org/search?query=56.230621007659316%2C-4.8755421834343835,"56.230621007659316,-4.8755421834343835",56,"363N,364S",NN 21850 07950,19C,270.1010101,218.1010101,3,P500,H750,Corbett,,http://en.wikipedia.org/wiki/Beinn_an_Lochain,
79,632,943,0.67,Ben Vorlich,S,Arrochar Alps,"https://www.google.com/maps/search/?api=1&query=56.27403675878205,-4.755051456077551",https://www.openstreetmap.org/search?query=56.27403675878205%2C-4.755051456077551,"56.27403675878205,-4.755051456077551","50,56","364N,364S",NN 29510 12475,01D,266.1010101,111.1010101,,P500,H750,Munro,,http://en.wikipedia.org/wiki/Ben_Vorlich_%28Loch_Lomond%29,
79,632,1010,0.63,Ruadh-stac Mor,S,Beinn Eighe,"https://www.google.com/maps/search/?api=1&query=57.593651212473425,-5.429397736692968",https://www.openstreetmap.org/search?query=57.593651212473425%2C-5.429397736692968,"57.593651212473425,-5.429397736692968",19,433,NG 95145 61140,13A,134.1010101,170.1010101,8,P500,H1000,Munro,,http://en.wikipedia.org/wiki/Beinn_Eighe,
81,626,981,0.64,Slioch,S,Letterewe,"https://www.google.com/maps/search/?api=1&query=57.66709932079225,-5.347010642563387",https://www.openstreetmap.org/search?query=57.66709932079225%2C-5.347010642563387,"57.66709932079225,-5.347010642563387",19,"433,435S",NH 00470 69065,14A,128.1010101,178.1010101,,P500,H750,Munro,,http://en.wikipedia.org/wiki/Slioch,
82,623,898,0.69,Sgurr nan Eugallt,S,Knoydart,"https://www.google.com/maps/search/?api=1&query=57.08786645821959,-5.422564794817343",https://www.openstreetmap.org/search?query=57.08786645821959%2C-5.422564794817343,"57.08786645821959,-5.422564794817343",33,413S,NG 92720 04855,10B,167.1010101,147.1010101,4,P500,H750,Corbett,,NA,
83,622,811,0.77,Waun Fach,W,Black Mountains,"https://www.google.com/maps/search/?api=1&query=51.962832661017835,-3.143192334938068",https://www.openstreetmap.org/search?query=51.962832661017835%2C-3.143192334938068,"51.962832661017835,-3.143192334938068",161,13N,SO 21550 29990,32A,384.1010101,247.1010101,6,P500,H750,Hewitt,P500 nearest to London (217km),http://en.wikipedia.org/wiki/Waun_Fach,
83,622,937,0.66,Sron a'Choire Ghairbh,S,Clunes Hills,"https://www.google.com/maps/search/?api=1&query=57.007812190434066,-4.928784146346136",https://www.openstreetmap.org/search?query=57.007812190434066%2C-4.928784146346136,"57.007812190434066,-4.928784146346136",34,400,NN 22245 94555,10C,199.1010101,152.1010101,13,P500,H750,Munro,,http://en.wikipedia.org/wiki/Sr%C3%B2n_a%27_Choire_Ghairbh,
83,622,967,0.64,Sgor nam Fiannaidh,S,Aonach Eagach,"https://www.google.com/maps/search/?api=1&query=56.67934937951982,-5.037125426381086",https://www.openstreetmap.org/search?query=56.67934937951982%2C-5.037125426381086,"56.67934937951982,-5.037125426381086",41,384,NN 14045 58300,03A,231.1010101,120.1010101,8,P500,H750,Munro,,http://en.wikipedia.org/wiki/Aonach_Eagach,
86,621,621,1,Snaefell,M,Isle of Man,"https://www.google.com/maps/search/?api=1&query=54.263256505990135,-4.4616256757154895",https://www.openstreetmap.org/search?query=54.263256505990135%2C-4.4616256757154895,"54.263256505990135,-4.4616256757154895",95,NA,SC 39770 88085,29A,585.1010101,236.1010101,3,P500,H500,Marilyn,highest peak on Isle of Man,http://en.wikipedia.org/wiki/Snaefell,
87,620,620,1,Beinn Mhor,S,South Uist,"https://www.google.com/maps/search/?api=1&query=57.25863681364987,-7.294887430145488",https://www.openstreetmap.org/search?query=57.25863681364987%2C-7.294887430145488,"57.25863681364987,-7.294887430145488",22,453S,NF 80860 31085,24C,520.1010101,229.1010101,3,P500,H500,Graham,Scotland's most westerly Prominent Peak - Highest peak on South Uist,NA,
88,614,849,0.72,Sgurr Ghiubhsachain,S,Ardgour,"https://www.google.com/maps/search/?api=1&query=56.81889573003207,-5.482482496741868",https://www.openstreetmap.org/search?query=56.81889573003207%2C-5.482482496741868,"56.81889573003207,-5.482482496741868",40,391,NM 87565 75120,18B,183.1010101,211.1010101,10,P500,H750,Corbett,,NA,
88,614,963,0.64,Sgurr Thuilm,S,Glen Finnan,"https://www.google.com/maps/search/?api=1&query=56.9369859121276,-5.3891483440041705",https://www.openstreetmap.org/search?query=56.9369859121276%2C-5.3891483440041705,"56.9369859121276,-5.3891483440041705",40,398E,NM 93910 87970,10D,174.1010101,156.1010101,16,P500,H750,Munro,within footprint is Sg an Utha with P499 - candidate for promotion ,NA,
90,613,829,0.74,Carn Mor,S,Glen Dessary,"https://www.google.com/maps/search/?api=1&query=56.96191193598903,-5.450655377998057",https://www.openstreetmap.org/search?query=56.96191193598903%2C-5.450655377998057,"56.96191193598903,-5.450655377998057","33,40",398E,NM 90310 90930,10D,173.1010101,157.1010101,,P500,H750,Corbett,,NA,
91,611,1115,0.55,Stob Coire Easain,S,Grey Corries,"https://www.google.com/maps/search/?api=1&query=56.81808605488527,-4.772923567672724",https://www.openstreetmap.org/search?query=56.81808605488527%2C-4.772923567672724,"56.81808605488527,-4.772923567672724",41,392,NN 30850 73050,04A,229.1010101,133.1010101,5,P500,H1000,Munro,,http://en.wikipedia.org/wiki/Stob_Coire_Easain,
92,609,764,0.8,An Caisteal,S,Ben Loyal,"https://www.google.com/maps/search/?api=1&query=58.40484124156801,-4.435115441893671",https://www.openstreetmap.org/search?query=58.40484124156801%2C-4.435115441893671,"58.40484124156801,-4.435115441893671",10,447S,NC 57805 48850,16B,105.1010101,187.1010101,5,P500,H750,Corbett,,http://en.wikipedia.org/wiki/Ben_Loyal,
93,608,893,0.68,Cadair Idris,W,Cadair Idris,"https://www.google.com/maps/search/?api=1&query=52.69964775926683,-3.908758074673248",https://www.openstreetmap.org/search?query=52.69964775926683%2C-3.908758074673248,"52.69964775926683,-3.908758074673248",124,23W,SH 71115 13040,30F,376.1010101,244.1010101,3,P500,H750,Hewitt,,http://en.wikipedia.org/wiki/Cadair_Idris,
94,607,873,0.7,Ben Hee,S,Reay Forest,"https://www.google.com/maps/search/?api=1&query=58.265801733749555,-4.683875611506759",https://www.openstreetmap.org/search?query=58.265801733749555%2C-4.683875611506759,"58.265801733749555,-4.683875611506759",16,"440N,447S",NC 42656 33930,16B,103.1010101,185.1010101,2,P500,H750,Corbett,,NA,
96,601,986,0.61,Sgurr Mhor,S,Beinn Alligin,"https://www.google.com/maps/search/?api=1&query=57.59065665403027,-5.572997565880324",https://www.openstreetmap.org/search?query=57.59065665403027%2C-5.572997565880324,"57.59065665403027,-5.572997565880324","19,24",433,NG 86550 61250,13A,137.1010101,168.1010101,11,P500,H750,Munro,,http://en.wikipedia.org/wiki/Beinn_Alligin,
97,595,721,0.83,Ben Cleuch,S,Ochil Hills,"https://www.google.com/maps/search/?api=1&query=56.18561517605066,-3.7694452286807194",https://www.openstreetmap.org/search?query=56.18561517605066%2C-3.7694452286807194,"56.18561517605066,-3.7694452286807194",58,366E,NN 90275 00630,26A,290.1010101,230.1010101,5,P500,H500,Graham,,http://en.wikipedia.org/wiki/Ochil_Hills,
97,595,872,0.68,Moel Siabod,W,Moelwyns,"https://www.google.com/maps/search/?api=1&query=53.07321763940238,-3.9339474456815755",https://www.openstreetmap.org/search?query=53.07321763940238%2C-3.9339474456815755,"53.07321763940238,-3.9339474456815755",115,18E,SH 70532 54636,30B,352.0510101,241.0510101,31,P500,H750,Hewitt,,http://en.wikipedia.org/wiki/Moel_Siabod,
97,595,1019,0.58,Mullach Coire Mhic Fhearchair,S,Fisherfield,"https://www.google.com/maps/search/?api=1&query=57.70889927450619,-5.271354106820029",https://www.openstreetmap.org/search?query=57.70889927450619%2C-5.271354106820029,"57.70889927450619,-5.271354106820029",19,435S,NH 05205 73495,14A,126.1010101,177.1010101,14,P500,H1000,Munro,,NA,
100,594,928,0.64,Moruisg,S,Glen Carron,"https://www.google.com/maps/search/?api=1&query=57.499657274560334,-5.170615134463427",https://www.openstreetmap.org/search?query=57.499657274560334%2C-5.170615134463427,"57.499657274560334,-5.170615134463427",25,"429,430",NH 10115 49930,12A,143.1010101,164.1010101,3,P500,H750,Munro,,http://en.wikipedia.org/wiki/Moruisg,
101,592,948,0.62,Beinn Bhuidhe,S,Glen Fyne,"https://www.google.com/maps/search/?api=1&query=56.326655591891324,-4.906707594009861",https://www.openstreetmap.org/search?query=56.326655591891324%2C-4.906707594009861,"56.326655591891324,-4.906707594009861","50,56",364N,NN 20370 18715,01D,264.1010101,109.1010101,,P500,H750,Munro,,NA,
102,590,945,0.62,Carn Dearg,S,Monadh Liath,"https://www.google.com/maps/search/?api=1&query=57.09220763028493,-4.253214533497645",https://www.openstreetmap.org/search?query=57.09220763028493%2C-4.253214533497645,"57.09220763028493,-4.253214533497645",35,402,NH 63570 02390,09B,201.0505101,142.0505101,44,P500,H750,Munro,,http://en.wikipedia.org/wiki/C%C3%A0rn_Dearg_%28Monadh_Liath%29,
103,588,679,0.87,Tiorga Mor,S,North Harris,"https://www.google.com/maps/search/?api=1&query=57.99478396048631,-6.984940098320714",https://www.openstreetmap.org/search?query=57.99478396048631%2C-6.984940098320714,"57.99478396048631,-6.984940098320714","13,14",456,NB 05555 11495,24B,515.1010101,227.1010101,3,P500,H500,Graham,,NA,
104,585,783,0.75,Moel Hebog,W,Hebog,"https://www.google.com/maps/search/?api=1&query=53.00052122624795,-4.140055329632396",https://www.openstreetmap.org/search?query=53.00052122624795%2C-4.140055329632396,"53.00052122624795,-4.140055329632396",115,"17W,254",SH 56484 46943,30B,372.1010101,237.1010101,9,P500,H750,Hewitt,,http://en.wikipedia.org/wiki/Moel_Hebog,
105,582,797,0.73,Cairnsmore of Carsphairn,S,Carsphairn Hills,"https://www.google.com/maps/search/?api=1&query=55.25599262893564,-4.2127101964868405",https://www.openstreetmap.org/search?query=55.25599262893564%2C-4.2127101964868405,"55.25599262893564,-4.2127101964868405",77,328S,NX 59465 97990,27C,308.1010101,234.1010101,14,P500,H750,Corbett,,NA,
107,579,1078,0.54,Beinn Sheasgarnich,S,Glen Lochay Hills,"https://www.google.com/maps/search/?api=1&query=56.51020400756038,-4.579142316759765",https://www.openstreetmap.org/search?query=56.51020400756038%2C-4.579142316759765,"56.51020400756038,-4.579142316759765",51,378W,NN 41385 38330,02B,252.1010101,118.1010101,10,P500,H1000,Munro,,NA,
108,576,879,0.66,Sgurr a'Mhuilinn,S,Strathconon,"https://www.google.com/maps/search/?api=1&query=57.558291168345356,-4.902308414205137",https://www.openstreetmap.org/search?query=57.558291168345356%2C-4.902308414205137,"57.558291168345356,-4.902308414205137",25,430,NH 26465 55735,12A,144.1010101,163.1010101,6,P500,H750,Corbett,,NA,
109,575,771,0.75,Stob Coire a'Chearcaill,S,Ardgour,"https://www.google.com/maps/search/?api=1&query=56.80315965468023,-5.2495698289899195",https://www.openstreetmap.org/search?query=56.80315965468023%2C-5.2495698289899195,"56.80315965468023,-5.2495698289899195",41,391,NN 01690 72670,18B,185.1010101,210.1010101,,P500,H750,Corbett,,NA,
110,574,706,0.81,Morven,S,Caithness,"https://www.google.com/maps/search/?api=1&query=58.23412342103863,-3.6967477413191205",https://www.openstreetmap.org/search?query=58.23412342103863%2C-3.6967477413191205,"58.23412342103863,-3.6967477413191205",17,444E,ND 00465 28520,16C,108.1010101,188.1010101,8,P500,H500,Graham,,http://en.wikipedia.org/wiki/Morven%2C_Caithness,
111,568,739,0.77,Beinn Mheadhoin,S,Kingairloch,"https://www.google.com/maps/search/?api=1&query=56.6029810535743,-5.587262996836141",https://www.openstreetmap.org/search?query=56.6029810535743%2C-5.587262996836141,"56.6029810535743,-5.587262996836141",49,383E,NM 79915 51435,18C,194.1010101,215.1010101,2,P500,H500,Graham,,NA,
111,568,910,0.62,Beinn Dearg Mor,S,Fisherfield,"https://www.google.com/maps/search/?api=1&query=57.76573863089381,-5.3098823555004575",https://www.openstreetmap.org/search?query=57.76573863089381%2C-5.3098823555004575,"57.76573863089381,-5.3098823555004575",19,"435N,435S",NH 03220 79930,14A,130.1010101,176.1010101,2,P500,H750,Corbett,,NA,
111,568,1053,0.54,Sgurr a'Chaorachain,S,West Monar,"https://www.google.com/maps/search/?api=1&query=57.45240379442186,-5.18919780089611",https://www.openstreetmap.org/search?query=57.45240379442186%2C-5.18919780089611,"57.45240379442186,-5.18919780089611",25,429,NH 08755 44725,12A,145.1010101,165.1010101,10,P500,H1000,Munro,,NA,
114,561,756,0.74,Y Llethr,W,Rhinogs,"https://www.google.com/maps/search/?api=1&query=52.813529077980846,-3.987420092228042",https://www.openstreetmap.org/search?query=52.813529077980846%2C-3.987420092228042,"52.813529077980846,-3.987420092228042",124,18W,SH 66150 25850,30D,356.1010101,242.1010101,7,P500,H750,Hewitt,,http://en.wikipedia.org/wiki/Y_Llethr,
115,560,801,0.7,Cranstackie,S,Reay Forest,"https://www.google.com/maps/search/?api=1&query=58.457889924282824,-4.8271999793338844",https://www.openstreetmap.org/search?query=58.457889924282824%2C-4.8271999793338844,"58.457889924282824,-4.8271999793338844",9,446,NC 35150 55650,16B,101.1010101,183.1010101,2,P500,H750,Corbett,UK's most northerly P500,http://en.wikipedia.org/wiki/Cranstackie,
116,558,847,0.66,Ben Donich,S,Ardgoil,"https://www.google.com/maps/search/?api=1&query=56.19786562889129,-4.873250316318198",https://www.openstreetmap.org/search?query=56.19786562889129%2C-4.873250316318198,"56.19786562889129,-4.873250316318198",56,"363N,364S",NN 21840 04300,19C,272.1010101,219.1010101,4,P500,H750,Corbett,,http://en.wikipedia.org/wiki/Ben_Donich,
117,557,779,0.72,Beinn Bheula,S,Cowal,"https://www.google.com/maps/search/?api=1&query=56.14178028545482,-4.971427557492724",https://www.openstreetmap.org/search?query=56.14178028545482%2C-4.971427557492724,"56.14178028545482,-4.971427557492724",56,363N,NS 15482 98319,19C,274.1010101,220.1010101,11,P500,H750,Corbett,,http://en.wikipedia.org/wiki/Beinn_Bheula,
118,556,815,0.68,The Cheviot,E,Cheviots,"https://www.google.com/maps/search/?api=1&query=55.478455917754275,-2.14544702881637",https://www.openstreetmap.org/search?query=55.478455917754275%2C-2.14544702881637,"55.478455917754275,-2.14544702881637","74,75",16E,NT 90905 20525,33A,320.1005101,248.1005101,23,P500,H750,Hewitt,UK's most easterly P500; Northumberland county top; 8 descendants entirely in Scotland.  ,http://en.wikipedia.org/wiki/The_Cheviot,
118,556,1011,0.55,Beinn Udlamain,S,Drumochter Hills,"https://www.google.com/maps/search/?api=1&query=56.83536995016901,-4.329891063704023",https://www.openstreetmap.org/search?query=56.83536995016901%2C-4.329891063704023,"56.83536995016901,-4.329891063704023",42,393,NN 57950 73965,05A,207.0510101,137.0510101,14,P500,H1000,Munro,,NA,
120,555,572,0.97,Beinn Mhor,S,Lewis - Pairc,"https://www.google.com/maps/search/?api=1&query=57.98991358907779,-6.647432351632249",https://www.openstreetmap.org/search?query=57.98991358907779%2C-6.647432351632249,"57.98991358907779,-6.647432351632249","13,14",457,NB 25440 09530,24A,510.1010101,225.1010101,,P500,H500,Marilyn,,NA,
121,554,959,0.58,Meall Glas,S,Glen Lochay Hills,"https://www.google.com/maps/search/?api=1&query=56.45532987051863,-4.546772484133264",https://www.openstreetmap.org/search?query=56.45532987051863%2C-4.546772484133264,"56.45532987051863,-4.546772484133264",51,378W,NN 43150 32150,02B,258.1010101,119.1010101,4,P500,H750,Munro,,http://en.wikipedia.org/wiki/Meall_Glas,
122,552,867,0.64,Bidein a'Chabair,S,Morar,"https://www.google.com/maps/search/?api=1&query=56.980282405674274,-5.4754890143405825",https://www.openstreetmap.org/search?query=56.980282405674274%2C-5.4754890143405825,"56.980282405674274,-5.4754890143405825","33,40",398E,NM 88905 93050,10D,172.1010101,158.1010101,2,P500,H750,Corbett,,NA,
122,552,919,0.6,Gairich,S,Glen Garry,"https://www.google.com/maps/search/?api=1&query=57.044806095081725,-5.255820722200573",https://www.openstreetmap.org/search?query=57.044806095081725%2C-5.255820722200573,"57.044806095081725,-5.255820722200573",33,399,NN 02590 99570,10B,196.1010101,150.1010101,,P500,H750,Munro,,http://en.wikipedia.org/wiki/Gairich,
124,551,698,0.79,Creach Beinn,S,Mull,"https://www.google.com/maps/search/?api=1&query=56.381914260254206,-5.819659517749953",https://www.openstreetmap.org/search?query=56.381914260254206%2C-5.819659517749953,"56.381914260254206,-5.819659517749953",49,375E,NM 64290 27620,17E,570.1010101,206.1010101,,P500,H500,Graham,,NA,
124,551,879,0.63,Fraochaidh,S,Glen Creran,"https://www.google.com/maps/search/?api=1&query=56.615633802222156,-5.2135368334547705",https://www.openstreetmap.org/search?query=56.615633802222156%2C-5.2135368334547705,"56.615633802222156,-5.2135368334547705",41,384,NN 02910 51705,03B,239.1010101,124.1010101,5,P500,H750,Corbett,,NA,
126,549,808,0.68,Sail Gharbh,S,Quinag,"https://www.google.com/maps/search/?api=1&query=58.21493883844002,-5.050004204861078",https://www.openstreetmap.org/search?query=58.21493883844002%2C-5.050004204861078,"58.21493883844002,-5.050004204861078",15,442E,NC 20930 29185,16E,113.1010101,192.1010101,3,P500,H750,Corbett,,http://en.wikipedia.org/wiki/Quinag,
126,549,1046,0.52,Cruach Ardrain,S,Loch Lomond to Strathyre,"https://www.google.com/maps/search/?api=1&query=56.356765461594456,-4.57580982060083",https://www.openstreetmap.org/search?query=56.356765461594456%2C-4.57580982060083,"56.356765461594456,-4.57580982060083","51,56",364N,NN 40950 21250,01C,282.1010101,104.1010101,13,P500,H1000,Munro,summit relocated,http://en.wikipedia.org/wiki/Cruach_Ardrain,
128,546,769,0.71,Cul Beag,S,Coigach,"https://www.google.com/maps/search/?api=1&query=58.02949640554821,-5.151001534794509",https://www.openstreetmap.org/search?query=58.02949640554821%2C-5.151001534794509,"58.02949640554821,-5.151001534794509",15,439E,NC 14035 08825,16F,118.1010101,195.1010101,2,P500,H750,Corbett,,NA,
129,545,729,0.75,Ben Venue,S,Trossachs,"https://www.google.com/maps/search/?api=1&query=56.22494362221847,-4.461926770484022",https://www.openstreetmap.org/search?query=56.22494362221847%2C-4.461926770484022,"56.22494362221847,-4.461926770484022",57,365S,NN 47460 06325,01C,294.1010101,106.1010101,3,P500,H500,Graham,,http://en.wikipedia.org/wiki/Ben_Venue,
130,544,562,0.97,Stob Odhar,S,Knapdale,"https://www.google.com/maps/search/?api=1&query=55.91149095198114,-5.491540605316483",https://www.openstreetmap.org/search?query=55.91149095198114%2C-5.491540605316483,"55.91149095198114,-5.491540605316483",62,358S,NR 81885 74220,19B,263.1010101,217.1010101,,P500,H500,Marilyn,,NA,
130,544,789,0.69,Meall Dubh,S,Glen Moriston,"https://www.google.com/maps/search/?api=1&query=57.127831633898204,-4.900415755706396",https://www.openstreetmap.org/search?query=57.127831633898204%2C-4.900415755706396,"57.127831633898204,-4.900415755706396",34,415,NH 24535 07835,10C,164.1010101,153.1010101,2,P500,H750,Corbett,,NA,
132,539,1087,0.5,Beinn a'Chlachair,S,Ardverikie,"https://www.google.com/maps/search/?api=1&query=56.86944924077852,-4.509643898855192",https://www.openstreetmap.org/search?query=56.86944924077852%2C-4.509643898855192,"56.86944924077852,-4.509643898855192",42,393,NN 47125 78145,04B,219.1010101,136.1010101,6,P500,H1000,Munro,,NA,
133,537,621,0.86,High Willhays,E,Dartmoor,"https://www.google.com/maps/search/?api=1&query=50.68526466801312,-4.011131568411012",https://www.openstreetmap.org/search?query=50.68526466801312%2C-4.011131568411012,"50.68526466801312,-4.011131568411012",191,28N,SX 58025 89220,40A,344.1010101,254.1010101,4,P500,H500,Hewitt,"http://www.dartmoor-ranges.co.uk/firing_notice_1.html UK's most southerly P500, Devon county top",http://en.wikipedia.org/wiki/High_Willhays,
134,532,721,0.74,Ben Stack,S,Reay Forest,"https://www.google.com/maps/search/?api=1&query=58.33483759683162,-4.957726069334513",https://www.openstreetmap.org/search?query=58.33483759683162%2C-4.957726069334513,"58.33483759683162,-4.957726069334513",9,445,NC 26935 42285,16E,112.1010101,190.1010101,,P500,H500,Graham,,http://en.wikipedia.org/wiki/Ben_Stack,
134,532,1022,0.52,Stob Dearg,S,Buachaille Etive Mor,"https://www.google.com/maps/search/?api=1&query=56.64678603137376,-4.8987604438416055",https://www.openstreetmap.org/search?query=56.64678603137376%2C-4.8987604438416055,"56.64678603137376,-4.8987604438416055",41,384,NN 22365 54310,03B,234.1010101,121.1010101,3,P500,H1000,Munro,,http://en.wikipedia.org/wiki/Buachaille_Etive_M%C3%B2r,
136,528,879,0.6,Ben Ledi,S,Trossachs,"https://www.google.com/maps/search/?api=1&query=56.258605210964205,-4.3223200899764445",https://www.openstreetmap.org/search?query=56.258605210964205%2C-4.3223200899764445,"56.258605210964205,-4.3223200899764445",57,365S,NN 56240 09770,01C,292.1010101,107.1010101,11,P500,H750,Corbett,,http://en.wikipedia.org/wiki/Ben_Ledi,
137,527,892,0.59,Beinn a'Chuallaich,S,Tummel to Errochty,"https://www.google.com/maps/search/?api=1&query=56.72894323754125,-4.151489952400015",https://www.openstreetmap.org/search?query=56.72894323754125%2C-4.151489952400015,"56.72894323754125,-4.151489952400015",42,386W,NN 68460 61765,05A,209.1010101,138.1010101,2,P500,H750,Corbett,,NA,
138,526,551,0.95,Sidhean na Raplaich,S,Morvern,"https://www.google.com/maps/search/?api=1&query=56.597245445436805,-5.852392810031564",https://www.openstreetmap.org/search?query=56.597245445436805%2C-5.852392810031564,"56.597245445436805,-5.852392810031564",49,383W,NM 63615 51680,18C,195.1010101,216.1010101,,P500,H500,Marilyn,,NA,
139,524,681,0.77,Beinn Bhreac,S,Luss Hills,"https://www.google.com/maps/search/?api=1&query=56.16360828697426,-4.704528142525691",https://www.openstreetmap.org/search?query=56.16360828697426%2C-4.704528142525691,"56.16360828697426,-4.704528142525691",56,364S,NN 32155 00065,01E,278.1010101,113.1010101,3,P500,H500,Graham,,NA,
139,524,752,0.7,Pen Pumlumon Fawr,W,Pumlumon,"https://www.google.com/maps/search/?api=1&query=52.46694376989181,-3.7829588279016173",https://www.openstreetmap.org/search?query=52.46694376989181%2C-3.7829588279016173,"52.46694376989181,-3.7829588279016173",135,213,SN 78975 86940,31A,380.1005101,245.1005101,30,P500,H750,Hewitt,4 descendants in Shropshire England,http://en.wikipedia.org/wiki/Plynlimon,
139,524,882,0.59,Beinn Odhar Bheag,S,Moidart,"https://www.google.com/maps/search/?api=1&query=56.84217262439764,-5.532299887257067",https://www.openstreetmap.org/search?query=56.84217262439764%2C-5.532299887257067,"56.84217262439764,-5.532299887257067",40,391,NM 84660 77865,18A,180.1010101,207.1010101,4,P500,H750,Corbett,alternative Prominence 774m - interchangeable with Rois-Bheinn,NA,
142,522,711,0.73,Cairnsmore of Fleet,S,Galloway Hills,"https://www.google.com/maps/search/?api=1&query=54.97544787817169,-4.343282332343857",https://www.openstreetmap.org/search?query=54.97544787817169%2C-4.343282332343857,"54.97544787817169,-4.343282332343857",83,319,NX 50120 67050,27B,316.1010101,232.1010101,,P500,H500,Graham,,http://en.wikipedia.org/wiki/Cairnsmore_of_Fleet,
142,522,840,0.62,Beinn Udlaidh,S,Glen Etive to Glen Lochy,"https://www.google.com/maps/search/?api=1&query=56.45881872846993,-4.791881803061711",https://www.openstreetmap.org/search?query=56.45881872846993%2C-4.791881803061711,"56.45881872846993,-4.791881803061711",50,377E,NN 28065 33125,03C,260.1010101,128.1010101,3,P500,H750,Corbett,,NA,
144,521,883,0.59,Stob Dubh,S,Black Mount,"https://www.google.com/maps/search/?api=1&query=56.59532465472667,-4.988093768512691",https://www.openstreetmap.org/search?query=56.59532465472667%2C-4.988093768512691,"56.59532465472667,-4.988093768512691",50,384,NN 16640 48820,03C,244.1010101,130.1010101,,P500,H750,Corbett,,NA,
145,519,574,0.9,Mealaisbhal,S,Lewis - Uig Hills,"https://www.google.com/maps/search/?api=1&query=58.13154267697445,-7.061058106972226",https://www.openstreetmap.org/search?query=58.13154267697445%2C-7.061058106972226,"58.13154267697445,-7.061058106972226",13,458,NB 02205 27030,24A,501.1010101,226.1010101,4,P500,H500,Marilyn,PP furthest from London (861km); highest peak on Lewis,NA,
145,519,852,0.61,Grasmoor,E,Lakes: NW Fells,"https://www.google.com/maps/search/?api=1&query=54.57160932115701,-3.27787925751838",https://www.openstreetmap.org/search?query=54.57160932115701%2C-3.27787925751838,"54.57160932115701,-3.27787925751838","89,90",4S,NY 17485 20350,34B,340.1010101,250.1010101,5,P500,H750,Hewitt,,http://en.wikipedia.org/wiki/Grasmoor,
147,518,903,0.57,Beinn Damh,S,Coulin,"https://www.google.com/maps/search/?api=1&query=57.492773784298734,-5.518090546087265",https://www.openstreetmap.org/search?query=57.492773784298734%2C-5.518090546087265,"57.492773784298734,-5.518090546087265",24,428N,NG 89265 50190,13B,140.1010101,173.1010101,3,P500,H750,Corbett,,http://en.wikipedia.org/wiki/Beinn_Damh,
148,516,744,0.69,Druim Fada,S,Locheil,"https://www.google.com/maps/search/?api=1&query=56.89384120607896,-5.141488811722851",https://www.openstreetmap.org/search?query=56.89384120607896%2C-5.141488811722851,"56.89384120607896,-5.141488811722851",41,"392,399",NN 08750 82450,10D,178.1010101,154.1010101,,P500,H500,Graham,,NA,
149,515,880,0.59,Sgurr Mhurlagain,S,Clunes Hills,"https://www.google.com/maps/search/?api=1&query=56.99840787232717,-5.273587613211074",https://www.openstreetmap.org/search?query=56.99840787232717%2C-5.273587613211074,"56.99840787232717,-5.273587613211074",33,399,NN 01265 94460,10B,197.1010101,151.1010101,2,P500,H750,Corbett,,NA,
150,514,933,0.55,Maol Chean-dearg,S,Coulin,"https://www.google.com/maps/search/?api=1&query=57.49162480101218,-5.465475121598135",https://www.openstreetmap.org/search?query=57.49162480101218%2C-5.465475121598135,"57.49162480101218,-5.465475121598135",25,429,NG 92410 49900,13B,139.1010101,172.1010101,4,P500,H750,Munro,,http://en.wikipedia.org/wiki/Maol_Cheann-dearg,
151,513,717,0.72,Ben Buie,S,Mull,"https://www.google.com/maps/search/?api=1&query=56.37503969546689,-5.881683047565959",https://www.openstreetmap.org/search?query=56.37503969546689%2C-5.881683047565959,"56.37503969546689,-5.881683047565959",49,375E,NM 60420 27070,17E,565.1010101,205.1010101,2,P500,H500,Graham,,NA,
152,512,840,0.61,Ben Rinnes,S,Tomintoul to Banff,"https://www.google.com/maps/search/?api=1&query=57.40318167670386,-3.241471488202163",https://www.openstreetmap.org/search?query=57.40318167670386%2C-3.241471488202163,"57.40318167670386,-3.241471488202163",28,424S,NJ 25500 35435,21A,213.1010101,224.1010101,3,P500,H750,Corbett,,http://en.wikipedia.org/wiki/Ben_Rinnes,
154,511,578,0.88,Earl's Seat,S,Campsie Fells,"https://www.google.com/maps/search/?api=1&query=56.02564881669358,-4.296272061293831",https://www.openstreetmap.org/search?query=56.02564881669358%2C-4.296272061293831,"56.02564881669358,-4.296272061293831","57,64",348,NS 56990 83795,26A,298.1010101,231.1010101,3,P500,H500,Marilyn,,http://en.wikipedia.org/wiki/Campsie_Fells,
155,510,959,0.53,Beinn Fhionnlaidh,S,Glen Creran,"https://www.google.com/maps/search/?api=1&query=56.60100301516547,-5.104815588267939",https://www.openstreetmap.org/search?query=56.60100301516547%2C-5.104815588267939,"56.60100301516547,-5.104815588267939",50,384,NN 09505 49770,03B,235.1010101,125.1010101,2,P500,H750,Munro,,NA,
156,504,817,0.62,Stob Coire Creagach,S,Arrochar Alps,"https://www.google.com/maps/search/?api=1&query=56.25763523069351,-4.857948497292716",https://www.openstreetmap.org/search?query=56.25763523069351%2C-4.857948497292716,"56.25763523069351,-4.857948497292716","50,56","363N,364S",NN 23065 10910,01D,265.1010101,110.1010101,5,P500,H750,Corbett,Peak Name created by SMC for 1997 Munro's Tables,NA,
157,502,845,0.59,Beinn Resipol,S,Sunart,"https://www.google.com/maps/search/?api=1&query=56.72713141620492,-5.6525720153828845",https://www.openstreetmap.org/search?query=56.72713141620492%2C-5.6525720153828845,"56.72713141620492,-5.6525720153828845",40,390E,NM 76645 65455,18B,189.1010101,209.1010101,5,P500,H750,Corbett,,http://en.wikipedia.org/wiki/Sunart,
158,500,974,0.51,Beinn Sgritheall,S,Arnisdale,"https://www.google.com/maps/search/?api=1&query=57.15368790197952,-5.579626656560855",https://www.openstreetmap.org/search?query=57.15368790197952%2C-5.579626656560855,"57.15368790197952,-5.579626656560855",33,413S,NG 83593 12665,10A,165.1010101,144.1010101,6,P500,H750,Munro,,http://en.wikipedia.org/wiki/Beinn_Sgritheall,